title,description
Plate 1: Mindful Art,Zen geometric botanical pattern designed for deep relaxation and stress relief.
Plate 2: Mindful Art,Zen geometric botanical pattern designed for deep relaxation and stress relief.
Plate 3: Mindful Art,Zen geometric botanical pattern designed for deep relaxation and stress relief.
Plate 4: Mindful Art,Zen geometric botanical pattern designed for deep relaxation and stress relief.
Plate 5: Mindful Art,Zen geometric botanical pattern designed for deep relaxation and stress relief.
Plate 6: Mindful Art,Zen geometric botanical pattern designed for deep relaxation and stress relief.
Plate 7: Mindful Art,Zen geometric botanical pattern designed for deep relaxation and stress relief.
Plate 8: Mindful Art,Zen geometric botanical pattern designed for deep relaxation and stress relief.
Plate 9: Mindful Art,Zen geometric botanical pattern designed for deep relaxation and stress relief.
Plate 10: Mindful Art,Zen geometric botanical pattern designed for deep relaxation and stress relief.
Plate 11: Mindful Art,Zen geometric botanical pattern designed for deep relaxation and stress relief.
Plate 12: Mindful Art,Zen geometric botanical pattern designed for deep relaxation and stress relief.
Plate 13: Mindful Art,Zen geometric botanical pattern designed for deep relaxation and stress relief.
Plate 14: Mindful Art,Zen geometric botanical pattern designed for deep relaxation and stress relief.
Plate 15: Mindful Art,Zen geometric botanical pattern designed for deep relaxation and stress relief.
Plate 16: Mindful Art,Zen geometric botanical pattern designed for deep relaxation and stress relief.
Plate 17: Mindful Art,Zen geometric botanical pattern designed for deep relaxation and stress relief.
Plate 18: Mindful Art,Zen geometric botanical pattern designed for deep relaxation and stress relief.
Plate 19: Mindful Art,Zen geometric botanical pattern designed for deep relaxation and stress relief.
Plate 20: Mindful Art,Zen geometric botanical pattern designed for deep relaxation and stress relief.
Plate 21: Mindful Art,Zen geometric botanical pattern designed for deep relaxation and stress relief.
Plate 22: Mindful Art,Zen geometric botanical pattern designed for deep relaxation and stress relief.
Plate 23: Mindful Art,Zen geometric botanical pattern designed for deep relaxation and stress relief.
Plate 24: Mindful Art,Zen geometric botanical pattern designed for deep relaxation and stress relief.
Plate 25: Mindful Art,Zen geometric botanical pattern designed for deep relaxation and stress relief.
Plate 26: Mindful Art,Zen geometric botanical pattern designed for deep relaxation and stress relief.
Plate 27: Mindful Art,Zen geometric botanical pattern designed for deep relaxation and stress relief.
Plate 28: Mindful Art,Zen geometric botanical pattern designed for deep relaxation and stress relief.
Plate 29: Mindful Art,Zen geometric botanical pattern designed for deep relaxation and stress relief.
Plate 30: Mindful Art,Zen geometric botanical pattern designed for deep relaxation and stress relief.
